Upload PDF File,Input Query,Answer,timestamp
,"Je veux visiter Douala, que me conseilles-tu ?",,2025-12-23 16:23:45.644084
.gradio\flagged\Upload PDF File\126ae0c4af30cc166c78\Guide-Visiteur-CAN2021_29jan22.pdf,"Je veux visiter Douala, que me conseilles-tu ?","Si vous souhaitez visiter Douala, voici quelques conseils basés sur le document :

1. **Découvrir Douala et ses attractions** : Douala est non seulement la capitale économique du Cameroun, mais aussi une porte d'entrée importante de la sous-région CEMAC. La ville et ses environs offrent de nombreuses opportunités d’affaires et un important gisement d’attractions touristiques à découvrir. Le Monument Rond-point Deido à Douala est un exemple d’attraction locale.

2. **Logement** : Plusieurs hôtels sont recommandés pour votre séjour à Douala, avec des prix et des équipements variés. Voici quelques suggestions :
   - Hôtel Sawa (4 étoiles) à Bonanjo, avec 288 chambres, à partir de 69 000 Fcfa.
   - K. Hotel (4 étoiles), également à Bonanjo, avec 114 chambres et appartements.
   - Hôtel Prince de Galles (3 étoiles) à Akwa, à partir de 78 000 Fcfa.
   - Hôtel Ibis (4 étoiles) à Bonanjo, avec 160 chambres, adapté aux personnes à mobilité réduite.
   - Hôtel Krystal Palace (5 étoiles) à Akwa.
   - Hôtel Résidence La Fala",2025-12-23 16:25:26.722207
